{
  "$schema": "https://developer.microsoft.com/en-us/json-schemas/teams/v1.5/MicrosoftTeams.schema.json",
  "manifestVersion": "1.5",
  "version": "1.0.0",
  "id": "<<YOUR-MICROSOFT-APP-ID>>",
  "packageName": "com.microsoft.teams.samples",
  "developer": {
    "name": "Microsoft",
    "websiteUrl": "https://example.azurewebsites.net",
    "privacyUrl": "https://example.azurewebsites.net/privacy",
    "termsOfUseUrl": "https://example.azurewebsites.net/termsofuse"
  },
  "icons": {
    "color": "icon-color.png",
    "outline": "icon-outline.png"
  },
  "name": {
    "short": "Teams SSO Auth",
    "full": "Teams Single Sign On Sample"
  },
  "description": {
    "short": "Test Teams SSO Auth",
    "full": "This is a bot for testing Single Sign on for Teams"
  },
  "accentColor": "#FFFFFF",
  "bots": [
    {
      "botId": "<<YOUR-MICROSOFT-APP-ID>>",
      "scopes": [
        "personal"
      ],
      "supportsFiles": false,
      "isNotificationOnly": false
    }
  ],
  "webApplicationInfo": {
    "id": "<<aad-app-clientid>>",
    "resource": "api://botid-<<YOUR-MICROSOFT-APP-ID>>"
  },
  "permissions": [
    "identity",
    "messageTeamMembers"
  ],
  "validDomains": [
    "token.botframework.com",
    "ngrok.io"
  ]
}